P_HP_in,T_LP_in,split_ratio,P_LP_in,P_inter,T_comp_in,thermal_efficiency,net_power
33.3357451312653,585.760901406409,0.358908490739577,15.5784685068775,15.8727214941798,45.433978826276,47.9793144633838,71968974.19
